Horodateur,Nom de la Structure,Thématique de travail,Adresse,Latitude,Longitude,Description de la structure,Contact,Site internet,Photos,Departement,Implication,Lien avec Traces,,
23/08/2020 18:06:29,A Vaulxelles,Solidarités  Education,100 Chemin du Gabugy 69120 Vaulx-en-Velin  ,45.77233589999999,4.916877299999999,,,https://vaulx-en-velin.net/annuaire-des-associations/a-vaulx-elles/,,Rhône,,,,
24/08/2020 18:06:29,Accés Romans Université populaire de Romans,Education,20 Rue SAint Antoine 26100 Romans-sur-Isère  ,45.0438582,5.0538815,,,https://www.accesromans.com/,,Drôme,,,,
24/08/2020 18:09:01,Acte Public Compagnie,Champ Culturel Arts,14 Place Lieutenant Morel 69001 Lyon  ,45.7722975,4.826681199999999,,,https://actepublic.fr/,,Rhône,,,,
24/08/2020 18:09:40,ADATE,Solidarités,5 Place SAinte Claire 38000 Grenoble  ,45.1908265,5.731296899999999,,,http://www.adate.org/,,Isère,,,,
,ADDCAES,,Pl Rene Vair 73000 Chambéry  ,45.562183,5.902884999999999,,,https://www.addcaes.org/,,Savoie,,,,
,Africa 50,Solidarités,14 Avenue Berthelot 69007 Lyon  ,45.7470623,4.8357091,,,https://africa50lyon.org/,,Rhône,,,,
,AIR - Accueil Interculturel Royans,Solidarités,7 Rue Pasteur 26190 SAint-Jean-en-Royans  ,45.0181037,5.2905525,,,https://sursaut-citoyen.org/Association-AIR-Accueil-Interculturel-en-Royans,,Vercors,,,,
,Alfa3A service médiation intégration,Solidarités,7 Rue de la Paix 01000 Bourg-en-Bresse  ,46.2037863,5.221823199999999,,,http://www.alfa3a.org/,,Ain,,,,
,ALWANE,Solidarités,30 Avenue Auguste Blanqui 69100 Villeurbanne  ,45.76228450000001,4.8845711,,,www.alwane.org,,Rhône,,,,
,Amal,Artistes,57 Avenue Maréchal Randon 38000 Grenoble  ,45.1938645,5.7327524,,,https://amal38.fr/,,Isère,,,,
,Amicale Laïque Beaubrun,Education,14 Rue Claude Deverchère 42000 SAint-Étienne  ,45.4333477,4.3801312,,,https://www.facebook.com/Amicale-La%C3%AFque-de-Beaubrun-105245517748342/,,Loire,,,,
,Amis du Cinema,Artistes,45 Pl de MontmAin 73400 Ugine  ,45.7538884,6.4183181,,,https://www.amis-du-cinema.com/,,Savoie,,,,
,AMTA,Patrimoine & Mémoire,1 Route d'Ennezat 63200 Riom  ,45.8943453,3.1244012,,,https://lafeuilleamta.fr/,,Auvergne,,,,
,Anagramme,Equipements culturels,6 Rue Raoul Blanchard 38000 Grenoble  ,45.1901544,5.730705899999999,,,https://www.facebook.com/anagramme.grenoble,,Isère,,,,
,Ardèche Afrique Solidaires,Solidarités,1 Boulevard de Lancelot 07000 Privas  ,44.7314883,4.6001618,,,https://www.Ardècheafriquesolidaires.com/,,Ardèche,,,,
,Ardèche Images,Equipements culturels,16 Route de l'Echelette 07170 Lussas  ,44.612075,4.472087999999999,,,http://www.lussasdoc.org/,,Ardèche,,,,
,Armenie Echange et Promotion (AEP),Patrimoine & Mémoire,6 Rue Berthe de Boissieux 38000 Grenoble  ,45.1845952,5.724427899999999,,,https://www.facebook.com/ArmenieEchangePromotion/,,Isère,,,,
,Arteppes,Equipements culturels,Pl SAint Francois de Sales 74000 Annecy  ,45.898878,6.127673799999999,,,https://lemikado.org/culture/larteppes-espace-dart-contemporAin/,,Haute-Savoie,,,,
,Artisans du Monde / Festival des Solidarités,Solidarités,12 Rue Paul Pioda 01000 Bourg-en-Bresse  ,46.207353,5.225867099999999,,,https://www.artisansdumonde.org/les-associations-locales/artisans-du-monde-bourg-en-bresse,,Ain,,,,
,ArTpenteurs,Artistes,308 Avenue Andrei Sakharov 69009 Lyon  ,45.7883744,4.8005701,,,https://les-artpenteurs.com/,,Rhône,,,,
,Association Franco-MarocAine,Solidarités,4 Rue Paul Marechal 01100 Oyonnax  ,46.2604012,5.656124,,,,,Ain,,,,
,Association Solidarité Territoire d'Albertville (ASTA),Solidarités,21 R Georges Lamarque 73200 Albertville  ,45.6680413,6.3774505,,,https://www.facebook.com/AstaSolidariteAlbertville/,,Savoie,,,,
,ASSOFITAL,Education,Rue SAint Martin 26000 Valence  ,44.9330733,4.888008999999999,,,https://associationitalofrancaise.blogspot.com/p/a.html,,Drôme/Ardèche,,,,
,Bibliothèque Municipale de Lyon,Equipements culturels,30 Boulevard Marius Vivier-merle 69003 Lyon  ,45.760656,4.857513400000001,,,https://www.bm-lyon.fr/,,Rhône,,,,
,Café lecture les Augustes,Equipements culturels,5 Rue sous les Augustins 63000 Clermont-Ferrand  ,45.7809377,3.0836013,,,http://www.cafelesaugustes.fr /,,Auvergne,,,,
,Caravane des dix mots,Artistes,Rue SAint Eusèbe 69003 Lyon  ,45.7582398,4.8735078,,,https://www.caravanedesdixmots.com/,,Rhône,,,,
,CENT POUR un toit 01,Solidarités,2 Boulevard Irene Joliot Curie 01000 Bourg-en-Bresse  ,46.2093547,5.232423,,,https://www.facebook.com/centpouruntoit01/about/,,Ain,,,,
,Centre Associatif Boris Vian (CABV),Equipements culturels,13 Avenue Marcel Paul 69200 Vénissieux  ,45.6998899,4.881551099999999,,,https://www.cabv.com/,,Rhône,,,,
,Centre culturel aragon,Equipements culturels,88 Cours de Verdun 01100 Oyonnax  ,46.26138599999999,5.645382,,,https://www.oyonnax.fr/mes-loisirs/culture/centre-culturel/,,Ain,,,,
,Centre culturel Jules-Isaac,Equipements culturels,20 Rue des 4 Passeports 63000 Clermont-Ferrand  ,45.7795614,3.0786044,,,https://culture-juive-clermont.org/,,Auvergne,,,,
,Centre Culturel Le Bief,Equipements culturels,Le Chapeau Rouge 63200 Riom  ,45.8718689,3.136889,,,www.lebief.org,,,,,,
,Centre national de la mémoire arménienne (CNMA),Patrimoine & Mémoire,32 Rue du 24 Avril 1915 69150 Décines-Charpieu  ,45.7682841,4.9466569,,,https://cnma.fr/,,Rhône,,,,
,Centre Regional d'art dramatique,Education,12 Rue Kleber 63100 Clermont-Ferrand  ,45.7929264,3.1137278,,,http://crad.asso.free.fr/,,Auvergne,,,,
,Centre Social Amédée Mercier,Equipements culturels,57 Avenue Amedee Mercier 01000 Bourg-en-Bresse  ,46.2037009,5.24355,,,https://amedeemercier.centres-sociaux.fr/,,Ain,,,,
,Centre Social Bonnefoi,Education,5 Rue Bonnefoi 69003 Lyon  ,45.7555924,4.8456701,,,http://www.csbonnefoi.fr/,,Rhône,,,,
,Centre Social Buers,Education,Rue Pierre-joseph Proudhon 69100 Villeurbanne  ,45.77414479999999,4.8910385,,,https://www.buerscroixluizet.fr/,,Rhône,,,,
,Centre Social Cré-Actifs,Education,3 Rue Gambetta 42500 Le Chambon-Feugerolles  ,45.3964097,4.325790599999999,,,https://www.cre-actifs.fr/,,Loire,,,,
,Centre Social des semailles,Equipements culturels,85 Avenue de l'Europe 69140 Rillieux-la-Pape  ,45.818775,4.9049718,,,,,Rhône,,,,
,Centre Social Grand Vire,Education,23 Rue Jules RomAins 69120 Vaulx-en-Velin  ,45.7783653,4.9193701,,,http://csgrandvire.fr/,,Rhône,,,,
,Centre Social Lévy,Education,Rue André Werth 69120 Vaulx-en-Velin  ,45.78871210000001,4.9144157,,,https://centresocialgeorgeslevy.blogspot.com/,,Rhône,,,,
,Centre Social Ouest,Equipements culturels,1 Place du Marechal Leclerc 01100 Oyonnax  ,46.2568974,5.6440244,,,,,Ain,,,,
,Centres sociaux des Minguettes,Education,5 Rue Aristide Bruant 69200 Vénissieux  ,45.6962522,4.870286,,,https://csxminguettes.fr/,,Rhône,,,,
,Château de Goutelas,Equipements culturels,277 Route de Goutelas 42130 Marcoux  ,45.7220573,4.0084691,,,https://chateaudegoutelas.fr/,,Loire,,,,
,Cie Candide,Artistes,2 Place de la Mairie 38550 Clonas-sur-Varèze  ,45.4142993,4.7904357,,,http://www.cie-candide.com/,,Drome,,,,
,Cie Creabulle,Artistes,Clos des Chartreux 38210 Tullins  ,45.3028808,5.4863037,,,https://www.cie-creabulle.fr/,,Isère,,,,
,Cie du Jour,Artistes,1 Rue Président Carnot 38000 Grenoble  ,45.1920862,5.731301999999999,,,http://www.compagniedujour.net/,,Isère,,,,
,Cie Essentiel Ephémère,Artistes,2 Rue Fernand Rey 69001 Lyon  ,45.7696947,4.8292054,,,https://www.essentielephemere.fr/,,Rhône,,,,
,Cie Les Enfants Sauvages,Artistes,12 Rue Pizay 69001 Lyon  ,45.766776,4.8352628,,,https://cielesenfantssauvages.com/,,Rhône,,,,
,Cie Les Fées Rosses,Artistes,Rue Georges Jacquet 38000 Grenoble  ,45.1869824,5.7046524,,,http://lesfeesrosses.org/wp-content/uploads/2019/06/gensdici-plaquette2019.pdf,,Isère,,,,
,Cie M.A.,Artistes,2 Rue Louis Carrand 69005 Lyon  ,45.76556799999999,4.8285371,,,https://www.guignol-lyon.net/ fbclid=IwAR1jKzZepeOc_3DtTycq-wqsX3bpV--j-NsFx9_4YTKtT9ZL8rJTrDfs9IA,,Rhône,,,,
,Cimade Grenoble,Solidarités,6 Rue Berthe de Boissieux 38000 Grenoble  ,45.1845952,5.724427899999999,,,,,Isère,,,,
,Ciné Parc,Solidarités,Le Fraisse Sud 63880 SAint-Gervais-sous-Meymont  ,45.6572561,3.6022311,,,,,Auvergne,,,,
,Cinéma Cin’étoile,Equipements culturels,1 Route d'Augel 42380 SAint-Bonnet-le-Château  ,45.4213791,4.0643095,,,http://www.cines-haut-forez.fr/index6.php,,Isère,,,,
,Cinéma Le Méliès,Equipements culturels,Allée Henri Frenay 38000 Grenoble  ,45.1828589,5.7246757,,,http://www.laligue38.org/programme,,Isère,,,,
,Cinéma le Rio,Equipements culturels,178 Rue sous les Vignes 63100 Clermont-Ferrand  ,45.8035831,3.10877,,,http://www.cinemalerio.com/,,Auvergne,,,,
,Cinéma le Zola,Equipements culturels,117 Cours Emile Zola 69100 Villeurbanne  ,45.770568,4.874349,,,https://www.lezola.com/,,Rhône,,,,
,Cinéma RegAin,Equipements culturels,3 Montée Chantecler 13011 Marseille  ,43.2832008,5.490550799999999,,,http://www.cinema-leteil.fr/,,Ardèche,,,,
,Cinéma(s) Le(s) Méliè(s),Equipements culturels,10 Place Jean Jaurès 42000 SAint-Étienne  ,45.4417554,4.3875812,,,http://www.lemelies.com/,,Loire,,,,
,Cinémathèque de SAint-Etienne,Equipements culturels,20 Rue Jo Gouttebarge 42000 SAint-Étienne  ,45.4362269,4.381762,,,https://cinematheque.sAint-etienne.fr/,,Loire,,,,
,Cinétoile,Equipements culturels,1 Route d'Augel 42380 SAint-Bonnet-le-Château  ,45.4213791,4.0643095,,,http://www.cines-haut-forez.fr/contact7.php,,Loire,,,,
,CMTRA,Patrimoine & Mémoire,46 Cours Docteur Jean Damidot 69100 Villeurbanne  ,45.7616918,4.8859618,,,,,Rhône,,,,
,Collectif K-LI-P,Artistes,12 Avenue Maréchal Randon 38000 Grenoble  ,45.1984432,5.7380394,,,https://compagnieklip.wixsite.com/k-li-p,,Isère,,,,
,CPA ( Centre du Patrimoine Arménien),Patrimoine & Mémoire,14 Rue Louis Gallet 26000 Valence  ,44.9315125,4.8936753,,,,,Drome,,,,
,Direction des musées départementaux de l'Ain,Collectivités Territoriales,Rue General DelestrAint 01000 Bourg-en-Bresse  ,46.197641,5.219519,,,,,Ain,,,,
,Dôme Théâtre,Equipements culturels,Pl de l'Europe 73200 Albertville  ,45.6761834,6.392432299999999,,,http://www.dometheatre.com,,Savoie,,,,
,Ecarts d'Identité,Médias,5 Place SAinte Claire 38000 Grenoble  ,45.1908265,5.731296899999999,,,,,Isère,,,,
,École de l'oralité,Education,15 Rue Henri Gonnard 42000 SAint-Étienne  ,45.4345047,4.3864687,,,http://www.ecoledeloralite.org/,,Loire,,,,
,Entre-Autres,Education,11 Boulevard de Verdun 01300 Belley  ,45.760918,5.686596,,,http://www.entre-autres.org/,,Ain,,,,
,"Espace Aragon
Cinéma Aragon",Equipements culturels,19 bis Boulevard Jules Ferry 38190 Villard-Bonnot  ,45.238018,5.888927900000001,,,https://www.espace-aragon.fr/,,Ain,,,,
,Espace Pandora,Equipements culturels,8 Place de la Paix 69200 Vénissieux  ,45.698783,4.8844034,,,https://espacepandora.org/,,Rhône,,,,
,"Ethnopôle ""Migrations Frontières Mémoires""",Patrimoine & Mémoire,14 Rue Louis Gallet 26000 Valence  ,44.9315125,4.8936753,,,https://www.le-cpa.com/le-cpa/ethnopole,,Drome,,,,
,Garage et librairie des Bauges,Equipements culturels,104 R de la Republique 73200 Albertville  ,45.6752845,6.388577,,,https://www.librairiedesbauges.fr/,,Savoie,,,,
,Grand Ensemble,Equipements culturels,39 Rue Georges Courteline 69100 Villeurbanne  ,45.779221,4.878559,,,http://www.grandensemble.fr/,,,,,,
,Histoire de Dire,Education,Rue Jean Louis Soulavie 07110 Largentière  ,44.5423509,4.292816,,,https://histoirededire.fr/,,Ardèche,,,,
,Hôtel Europa et Golem Théâtre,Artistes,Rue des Alpages 38710 Mens  ,44.8190545,5.7574298,,,http://hoteleuropa.fr/,,Isère,,,,
,ISM Corum,Solidarités,32 Cours Lafayette 69003 Lyon  ,45.7634631,4.845579799999999,,,http://www.ismcorum.org/,,National,,,,
,La Cinquième Saison /ACCR / La navette,Equipements culturels,Les Gorges 38680 Pont-en-Royans  ,45.0572677,5.343692600000001,,,http://lacinquiemesaison-accr.org/,,Isère,,,,
,La Ligue de l’Enseignement 38,Solidarités,33 Rue Joseph Chanrion 38000 Grenoble  ,45.18994319999999,5.7366546,,,http://www.laligue38.org/,,Isère,,,,
,La Maison des Passages,Equipements culturels,44 Rue SAint Georges 69005 Lyon  ,45.75793160000001,4.825008899999999,,,,,Rhône,,,,
,La Tannerie,Equipements culturels,123 Place de la Vinaigrerie 01000 Bourg-en-Bresse  ,46.1992635,5.2254263,,,https://www.la-tannerie.com/,,Ain,,,,
,Le Babet,Equipements culturels,10 Rue Félix Pyat 42000 SAint-Étienne  ,45.43522970000001,4.381635699999999,,,https://www.le-babet.fr/,,Loire,,,,
,Le GrAin de la Voix,Artistes,3 Rue Denfert Rochereau 34200 Sète  ,43.4104389,3.6991853,,,,,Vercors,,,,
,Le grand Séchoir,Equipements culturels,705 Route de Grenoble 38470 Vinay  ,45.214887,5.417758,,,http://www.legrandsechoir.fr/,,Vercors,,,,
,Le Musée de la résistance et de la déportation en Ardèche,Patrimoine & Mémoire,15 Rue du Travail 07400 Le Teil  ,44.54444050000001,4.6793509,,,http://www.Ardèche-resistance-deportation.fr/,,Ardèche,,,,
,Le Rize,Patrimoine & Mémoire,23 Rue Valentin Haüy 69100 Villeurbanne  ,45.7598334,4.8837963,,,http://lerize.villeurbanne.fr/,,Rhône,,,,
,Le Teil,Collectivités Territoriales,Rue de l'Hotel de Ville 07400 Le Teil  ,44.5504369,4.683533,,,https://www.mairie-le-teil.fr/,,Ardèche,,,,
,Les Modernes,Equipements culturels,6 Rue Lakanal 38000 Grenoble  ,45.1867111,5.723572,,,https://www.lesmodernes.com/,,Isère,,,,
,Les Moyens du Bord,Solidarités,12 Rue d'Arcole 42000 SAint-Étienne  ,45.44049649999999,4.38441,,,lmdb42.wordpress.com,,Loire,,,,
,Les Subs,Equipements culturels,8 bis Quai SAint Vincent 69001 Lyon  ,45.768254,4.8160662,,,https://www.les-subs.com/,,Rhône,,,,
,Lune et l'Autre,Equipements culturels,19 Rue Pierre Bérard 42000 SAint-Étienne  ,45.4380805,4.3912074,,,,,Loire,,,,
,Maison de l'Image,Equipements culturels,Galerie de l'Arlequin 38100 Grenoble  ,45.1639557,5.7327035,,,https://www.maison-image.fr/,,Isère,,,,
,Maison de l'Image /Grand Ecran/ Les Rencontres des Cinémas d’Europe / Toiles de Doc,Equipements culturels,9 Boulevard de Provence 07200 Aubenas  ,44.617337,4.3840084,,,http://www.maisonimage.eu/,,Ardèche,,,,
,Maison des Solidarités Nelson Mandela,Solidarités,25 Rue Charles Gounod 26000 Valence  ,44.9285868,4.925663,,,https://solidarites-mandela.pagesperso-orange.fr/accueil.html,,Drome,,,,
,Médiathèque de Jaude,Equipements culturels,9 Place Louis Aragon 63000 Clermont-Ferrand  ,45.7746413,3.0840718,,,https://www.bibliotheques-clermontmetropole.eu/page/mediatheque-de-jaude-clermont-ferrand-centre,,Auvergne,,,,
,Mediatheque intercommunale du pays de Vans en cevennes,Equipements culturels,Route de Païolive 07140 Les Vans  ,44.4066052,4.1406642,,,https://cdc-vansencevennes.reseaubibli.fr/index.php lvl=cmspage&pageid=6&id_rubrique=24,,Ardèche,,,,
,Médiathèque la motte de galaure,Equipements culturels,75 Rue des Ecoles 26240 La Motte-de-Galaure  ,45.1974118,4.906339700000001,,,,,Drome,,,,
,Médiathèque le Dôme,Equipements culturels,Pl de l'Europe 73200 Albertville  ,45.6761834,6.392432299999999,,,,,Savoie,,,,
,Mediatheque municipale de l'Abresle,Equipements culturels,Place de la Republique 69210 L'Arbresle  ,45.8362912,4.615895,,,http://www.mediatheque-2l.fr/index,,Rhône,,,,
,Médiathèque municipale Jacques Dupin,Equipements culturels,3 Rue Elie Reynier 07000 Privas  ,44.7359289,4.5983597,,,http://www.bm-privas.fr/search.php action=Accueil,,Ardèche,,,,
,Mediatheque municipale L'@ancre,Equipements culturels,2 Impasse du Pressoir 69420 Condrieu  ,45.4632985,4.7693942,,,http://biblio.vienne-condrieu-agglomeration.fr/ fbclid=IwAR37xervTnze0WvlrzBplt5a-BLsQ-GzHcQRCQ97-fTuS62AOPkNWlpS_f8,,,,,,
,MJC Ambérieu-en-Bugey,Equipements culturels,Place Jules Ferry 01500 Ambérieu-en-Bugey  ,45.959517,5.357003,,,http://mjc-amberieu.org/,,Ain,,,,
,MJC Bourg en Bresse,Equipements culturels,Allee des Brotteaux 01000 Bourg-en-Bresse  ,46.2087226,5.2311179,,,https://www.mjc-bourg.fr/,,Ain,,,,
,MJC Jean Macé,Equipements culturels,38 Rue Camille Roy 69007 Lyon  ,45.7451126,4.8478314,,,http://www.mjcjeanmace.com/ fbclid=IwAR1eSY2infM7gJZIk_KD8Pzp9a8ACL4xdsfgRjB-qgtAhFRCuIHG9kmZLhk,,Rhône,,,,
,MJC Prémol,Equipements culturels,7 Rue Henry Duhamel 38100 Grenoble  ,45.1633848,5.7273782,,,http://mjctheatrepremol.fr/,,Isère,,,,
,MJC Villeurbanne,Equipements culturels,46 Cours Docteur Jean Damidot 69100 Villeurbanne  ,45.7616918,4.8859618,,,https://www.mjc-villeurbanne.org/,,Rhône,,,,
,Modus Operandi,Médias,46 Rue d'Alembert 38000 Grenoble  ,45.1874236,5.7109483,,,https://www.modop.org/,,Isère,,,,
,Musée Dauphinois,Patrimoine & Mémoire,Place SAint André 38000 Grenoble  ,45.1931456,5.7283982,,,http://www.musee-dauphinois.fr/,,Isère,,,,
,Musée de la Résistance,Patrimoine & Mémoire,64 Avenue de l'Union Sovietique 63000 Clermont-Ferrand  ,45.7808104,3.1037855,,,,,Auvergne,,,,
,Musée Gadagne,Patrimoine & Mémoire,Place du Petit Collège 69005 Lyon  ,45.7637437,4.8276422,,,http://www.gadagne.musees.lyon.fr/,,Rhône,,,,
,Musée Savoisien,Patrimoine & Mémoire,Pl de l'Hotel de Ville 73000 Chambéry  ,45.5665602,5.920329799999999,,,http://www.musee-savoisien.fr/,,Haute-Savoie,,,,
,Nouveau théâtre SAinte-Marie-d’en-Bas,Equipements culturels,15 Allée du Jardin Hoche 38000 Grenoble  ,45.1838515,5.7291997,,,https://nouveautheatregestionreseau.jimdo.com/,,Isère,,,,
,ODTI,Champ culturel,7 Place Edmond Arnaud 38000 Grenoble  ,45.1927292,5.7341012,,,https://www.odti.org/,,Isère,,,,
,Olivier des Sages,Solidarité,8 Rue de l'Epée 69003 Lyon  ,45.7566561,4.843433399999999,,,http://www.olivierdessages.com/,,Rhône,,,,
,PAEJ (Point Accueil Ecoute Jeunes) Chocolat Chaud,Solidarités,526 Rue Paul VerlAine 01960 Péronnas  ,46.1848994,5.2267407,,,https://sauvegarde01.fr/chocolat%20chaud.html,,Ain,,,,
,Plumes de Brigands,Education,41 Rue Jean Moulin 38470 Vinay  ,45.21135899999999,5.3999947,,,http://www.plumesdebrigands.fr/,,Vercors,,,,
,Radio Dio,Médias,20 Rue Henri Dunant 42100 SAint-Étienne  ,45.4277583,4.4085729,,,http://radiodio.axperia.net/,,Loire,,,,
,Radio OndAine,Médias,1 Immeuble le Corbusier 42700 Firminy  ,45.3823863,4.2892706,,,https://www.radio-ondAine.fr/,,Loire,,,,
,Radio Salam,Médias,8 Rue Prevote 01000 Bourg-en-Bresse  ,46.2050887,5.228168800000001,,,https://radiosalam.com/,,Ain,,,,
,Regards des Lieux,Equipements culturels,51 Cours de la Libération et du Général de Gaulle 38100 Grenoble  ,45.1758336,5.7152968,,,http://regardsdeslieux.fr/,,Isère,,,,
,Regie de Quartier Villeneuve,Education,Galerie de l'Arlequin 38100 Grenoble  ,45.1639557,5.7327035,,,http://www.regiegrenoble.org/,,Isère,,,,
,RESF 73 Chambéry,Solidarités,Che des Ecureuils 73000 Chambéry  ,45.5796243,5.9301375,,,http://www.educationsansfrontieres.org/ page=contacts&id_rubrique=313,,Haute-Savoie,,,,
,SAint-Marcellin,Collectivités Territoriales,21 Place d'Armes 38160 SAint-Marcellin  ,45.15414370000001,5.3199139,,,,,Vercors,,,,
,Secours populaire Belley 01,Solidarités,Avenue Hoff 01300 Belley  ,45.7507894,5.683707999999999,,,https://www.secourspopulaire.fr/comite-de-belley,,Ain,,,,
,SOS Méditerranée,Solidarités,86 Rue Vaillant Couturier 42000 SAint-Étienne  ,45.4280813,4.3840116,,,https://www.sosmediterranee.fr/,,Loire,,,,
,Tabadol,Education,39 Rue Georges Courteline 69100 Villeurbanne  ,45.779221,4.878559,,,www.tabadol.org,,Rhône,,,,
,Teroloko,Solidarités,Conversiere et Chapelle 38470 Notre-Dame-de-l'Osier  ,45.2368513,5.4043832,,,https://teroloko.com/,,Vercors,,,,
,Terre des livres,Equipements culturels,86 Rue de Marseille 69007 Lyon  ,45.7488505,4.8379694,,,http://www.terredeslivres.fr/,,Rhône,,,,
,Théâtre de l'Elysée,Equipements culturels,14 Rue Basse Combalot 69007 Lyon  ,45.7550994,4.842148799999999,,,https://lelysee.com/,,Rhône,,,,
,Theatre du Reel,Equipements culturels,63 Avenue du 8 Mai 1945 38400 SAint-Martin-d'Hères  ,45.1686442,5.755688,,,http://theatredureel.fr/,,Isère,,,,
,Tillandsia,Artistes,Grande Rue de la Guillotière 69007 Lyon  ,45.7502745,4.8504236,,,https://tillandsia-video.com/,,Rhône,,,,
,UCA,Recherche,49 Boulevard François Mitterrand 63000 Clermont-Ferrand  ,45.77059,3.08794,,,https://www.uca.fr/,,Auvergne,,,,
,Un toit c'est tout,Solidarités,19 Rue Joannés Beaulieu 42170 SAint-Just-SAint-Rambert  ,45.50294419999999,4.2610804,,,,,Loire,,,,
,Université populaire,Education,R du Laurier 73000 Chambéry  ,45.5665436,5.9268069,,,http://aqcv.org/adultes/universite-populaire.html,,Savoie,,,,
,Videoformes,Equipements culturels,190 Boulevard Gustave Flaubert 63000 Clermont-Ferrand  ,45.7601344,3.1263256,,,https://videoformes.com/,,Auvergne,,,,
,Villa Gillet,Equipements culturels,25 Rue Chazière 69004 Lyon  ,45.775232,4.818003099999999,,,https://www.villagillet.net/,,Rhône,,,,
,Ville de Clermont-Ferrand,Collectivités Territoriales,10 Rue Philippe Marcombes 63000 Clermont-Ferrand  ,45.7798396,3.0865628,,,https://clermont-ferrand.fr/,,Auvergne,,,,
,Ville de Rillieux-la-Pape,Collectivités Territoriales,165 Rue Ampère 69140 Rillieux-la-Pape  ,45.8182954,4.8992755,,,,,Rhône,,,,
,Vive La TASE !,Patrimoine & Mémoire,13 Avenue Bataillon Carmagnole Liberté 69120 Vaulx-en-Velin  ,45.7588909,4.9257293,,,vivelatase.blogspot.fr,,Rhône,,,,
,Zangmo,Artistes,13 Impasse Ernest Bonnave 42000 SAint-Étienne  ,45.442307,4.384276799999999,,,https://ciezangmo.wordpress.com/,,Loire,,,,
,,Collectivités Territoriales,165 Rue Ampère 69140 Rillieux-la-Pape  ,45.8182954,4.8992755,,,,,Ain,,,,
,Textes en l'air,,Grande Cour 38160 38160 ,45.1579308,5.2989145,,,http://www.textesenlair.net/,,,,,,
,Scènes publiques,,  ,,,,,,,,,,,
,Collectif Traces de Vénissieux ,,  ,,,,,,,,,,,
,Collectif Solidarité Migrants,,  ,,,,,https://www.facebook.com/pg/migrants01/about/ ref=page_internal,,Vercors,,,,
,Singa,,  ,,,,,https://www.singafrance.com,,Rhône,,,,
,Cimade Bourg-en-Bresse,,  ,,,,,,,Rhône,,,,
,MRAP Aubenas,,  ,,,,,https://www.facebook.com/mrap.aubenas/,,Ain,,,,
,Arve-Réfugiés,,  ,,,,,https://arverefugies.wordpress.com/,,Ain,,,,
,Cimade Anonnay,,  ,,,,,,,Ain,,,,
,RESF,,  ,,,,,https://www.educationsansfrontieres.org/,,Ardèche,,,,
,Collectif citoyen 63,,  ,,,,,,,Ardèche,,,,
,RESF,,  ,,,,,,,Ardèche,,,,
,RESF,,  ,,,,,,,Auvergne,,,,
,RESF,,  ,,,,,,,Auvergne,,,,
,RESF / Grenat,,  ,,,,,,,Auvergne,,,,
,Cimade,,  ,,,,,,,Auvergne,,,,
,Cimade Drôme,,97 Rue Faventines 26000 26000 ,44.9276096,4.900437200000001,,,https://www.facebook.com/CimadeValence/,,Auvergne,,,,
,Romans International,,  ,,,,,,,Auvergne,,,,
,Abri'Toit 42,, 42600 ,,,,,,,Auvergne,,,,
,Collectif d'Accueil des Réfugiés en Trièves (CART),,  ,,,,,,,Drome,,,,
,RUSF / Réseau Universités Sans Frontières,, 38000 ,37.557808,-121.9944207,,,https://rusf.org/ debut_dessinaffiche=1,,Drome,,,Education /Educ pop,
,AGIRabcd (cours de FLE sur Montreynaud),,  ,,,,,http://www.agirabcd.eu/,,Isère,,,Education /Educ pop,
,Pour que personne ne dorme à la rue,,  ,,,,,,,Isère,,,,
,ANVITA,,  ,,,,,https://villes-territoires-accueillants.fr/,,Isère,,,,
,Accueil Migrants Réfugiés SAint Martin en Haut,,  ,,,,,/,,Loire,,,,
,COLAMIRE,,  ,,,,,,,Loire,,,,
,Collectif des étudiant-e-s étrangers de Lyon  sans papiers et solidaires,,  ,,,,,https://www.facebook.com/Collectif-des-%C3%A9tudiant-e-s-%C3%A9trangers-de-Lyon-sans-papiers-et-solidaires-161228107544728/,,National,,,,
,Savoie Solidarité migrants,,  ,,,,,,,Rhône,,,,
,Collectif Migrant'scène Chambéry,,  ,,,,,,,Rhône,,,,
,ADOMA,,  ,,,,,,,Rhône,,,,
,Toit et Noix,,  ,,,,,,,Savoie,,,,
,Collectif reconnaissance,,  ,,,,,,,Savoie,,,,
,EGM,,  ,,,,,,,Savoie,,,Réseau,
,Cimade Ain,,  ,,,,,,,Vercors,,,,
,Cimade Ardèche,,  ,,,,,,,,,,,
,Cimade Ardèche,,  ,,,,,,,,,,,
,Cimade Aurillac,,  ,,,,,,,,,,,
,CIMADE Rhône-Alpes,,  ,,,,,,,,,,,
,EMMAUS,,  ,,,,,,,,,,,
,Gaia Chemins de femmes,,  ,,,,,,,,,,,
,AlterEgaux,,  ,,,,,www.alteregaux.fr,,,,,Education /Educ pop,
,Collectif item,,  ,,,,,http://www.collectifitem.com/,,Ain,,,,
,La Tribu hérisson,,  ,,,,,https://latribuherisson.com/,,Rhône,,,,
,Cie No Man's Land,,  ,,,,,https://www.cienomansland.com/,,Rhône,,,,
,Cie La Nouvelle Fabrique,,  ,,,,,https://lanouvellefabrique.fr/spectacles/,,Rhône,,,,
,Les ArTpenteurs,,  ,,,,,https://les-artpenteurs.com/,,Rhône,,,,
,Spectacle écrit par Eliane Benbanaste et Carmen Fuentez,,  ,,,,,,,Rhône,,,,
,Wakan Théâtre,,  ,,,,,http://www.wakantheatre.com/spectacle/augustin-passe-aux-aveux/,,Rhône,,,,
,Nouvelle Fabrique,,  ,,,,,,,,,,,
,PNR Vercors,,  ,,,,,http://www.parc-du-vercors.fr/,,,,,,
,Direction Départementale de la Cohésion Sociale,,  ,,,,,,,,,,,
,Communauté de communes Ardèche Rhône Coiron,,  ,,,,,https://ArdècheRhônecoiron.fr/,,Rhône,,,,
,Mairie d'Annemasse,,  ,,,,,https://www.annemasse.fr/,,Vercors,,,,
,Communaute de communes des Monts du Lyonnais,,  ,,,,,https://cc-montsdulyonnais.fr/,,Ain,,,,
,Communaute de communes Valons du Lyonnais,,  ,,,,,http://www.ccvl.fr/,,Ardèche,,,,
,Commune de Cognin-les-Gorges,,  ,,,,,,,Haute-Savoie,,,,
,Anis Etoilé,,Maison des Paysans Site de Marmilhat 63 370 ,45.778134,3.1707304,,,http://anisetoile.org/,,Rhône,,,Accueil / Accompagnement / solidarités,
,Coup de Soleil AURA,,  ,,,,,https://www.coupdesoleil-Rhônealpes.fr/,,Rhône,,,Patrimoine / mémoire,Equipements culturels / lieux / Champ culturel
,les Ateliers Socio linguistiques,,  ,,,,,,,,,,,
,Univ'pop,,  ,,,,,https://univpop-albertville.fr/,,Auvergne,,,,
,Médiathèque Intercommunale d'Aubenas ,,  ,,,,,https://www.bm-aubenas.fr/,,Region,,,,
,Médiathèque intercommunale de Montélimar,,  ,,,,,https://mediatheque.montelimar-agglo.fr/,,Isère,,,,
,Bibliothèque de La Motte de Galaure ,,  ,,,,,https://www.horaire-bibliotheque.fr/la-motte-de-galaure.html,,Savoie ,,,,
,Centre d’Information Inter-Peuples,,  ,,,,,https://www.ciip.fr/,,Ardèche,,,Réseau  ,Education /Educ pop
,Espace 600,,  ,,,,,https://www.espace600.fr/,,Drome,,,,
,Espace Albert Camus,,  ,,,,,https://www.ville-bron.fr/culture-sport-mes-loisirs/envie-de-culture/les-equipements-culturels/pole-en-scenes/espace-albert-camus,,Drome,,,,
,Librairie Lune et l'Autre,,  ,,,,,,,Isère,,,,
,GRAC asso de cinémas d'art et d'essai,,  ,,,,,,,Isère,,,,
,Festival Interferences ,,  ,,,,,https://www.lacitedoc.com/festival-interferences,,Loire,,,Artistes/ Collectifs d’artistes,
,Karakib,,  ,,,,,https://www.karakib.org/,,Loire,,,Artistes/ Collectifs d’artistes,
,Cinéma Gérard Philippe,,  ,,,,,https://www.ville-venissieux.fr/cinema/Le-programme,,Rhône,,,,
,Maison du Livre  de l'image et du son,,  ,,,,,https://mediatheques.villeurbanne.fr/2016/05/maison-du-livre-de-limage-et-du-son/,,Rhône,,,,
,Médiathèque d'Aveize ,,  ,,,,,,,Rhône,,,,
,Médiathèque de l'Arbresle ,,  ,,,,,,,Rhône,,,,
,MJC Rillieux,,  ,,,,,,,Rhône,,,,
,Ciné Tobogan,,  ,,,,,https://letoboggan.com/cinema/,,Rhône,,,,
,MJC Rillieux la Pape,,  ,,,,,http://mjcrillieux.com/,,Rhône,,,,
,MJC Vieux Lyon,,  ,,,,,,,Rhône,,,,
,Médiathèque Intercommunale de SAint-Marcellin,,  ,,,,,https://www.sAint-marcellin.fr/services/culture/mediatheque,,Rhône,,,,
,Médiathèques départementales de la Drôme ,,  ,,,,,,,Rhône,,,,
,Galerie l'oeil écoute,,  ,,,,,,,Rhône,,,,
,Esil Radio Campus,,  ,,,,,https://www.facebook.com/farataninfraternite,,Vercors,,,,
,Individu,,  ,,,,,http://www.pierreduvert.net/,,,,,Artistes/ Collectifs d’artistes,
,individu,,  ,,,,,https://clementinemetenier.blog/,,,,,Recherche,
,Archives Départementales de l'Ain,,  ,,,,,http://www.archives.Ain.fr/,,Auvergne,,,,
,Musée de la Résistance et de la Déportation,,  ,,,,,,,Isère,,,,
,PEROU,,  ,,,,,http://www.perou-paris.org/,,Isère,,,,
,Grenat,,  ,,,,,,,Ain,,,,
,Bureau des dépositions,,  ,,,,,https://www.pacte-grenoble.fr/programmes/bureau-des-depositions,,Ardèche,,,Artistes/ Collectifs d’artistes,
,Pacte,,  ,,,,,,,Rhône,,,,
,APASHES,,  ,,,,,http://apashes.free.fr/,,Auvergne,,,Journalisme-documentaire (qui peut se mêler avec artistes),Artistes/ Collectifs d’artistes
,Ospere-Samdarra,,  ,,,,,Vinatier,,Isère,,,,
,PEROU,,  ,,,,,,,Isère,,,,
,RIZE,,  ,,,,,,,,,,,
,CMTRA,,  ,,,,,,,,,,,
,Solidarité Tarentaise,,  ,,,,,,,,,,,
,CartOng,,  ,,,,,,,,,,,
,Permakabadio,,  ,,,,,https://iefr.jimdofree.com/ fbclid=IwAR3Vab6_Et3a5UIyVSsGZpi_AtQVz2MIPEvjacGqNihBBRJid1z9Rg8vGWk,,,,,,
,Dans ta Chambre,,22 Rue Charles Robin 01000 Bourg-en-Bresse  ,46.2056504,5.2307453,,,,,Savoie ,,,,
,Ain'Pacte,,  ,,,,,https://www.facebook.com/Ainpacte/,,,,,,
,La Grande Reyssouza,,12 place Alexandre Dumas 1000 ,50.6406421,3.0936544,,,,, ,,,,
,Maison Des Jeunes Et De La Culture Montchapet Maladière,,  ,,,,,,,Ain,,,,
,Direction de l’intégration,,1 rue des Dîmes 01000 ,46.2058458,5.237330699999999,,,,,Ain,,,,
,ASDA 01,,2 rue Larguillière 01000 ,46.1990321,5.2170225,,,,,Ain,,,,
,Amnesty International,,688  avenue de sonod 01300 ,45.7519883,5.700109299999999,,,,,Ain,,,,
,Les rencontres d'Oyonnax,,  ,,,,,www.oyonnax.fr,,Ain,,,,
,Lieutopie,,21 rue Kessler 63000 ,45.769009,3.0874353,,,https://www.lieutopie-clermont.org/,,Ain,,,,
,Festival cuisine sans frontière,,13 rue Henri Le Châtelier  ,45.1860973,5.7116634,,,http://www.cuisine-sans-frontieres.fr,,Ain,,,,
,Festival traces de vie,,6 rue de la Sellette 63000 ,45.7820354,3.0921739,,,https://tracesdevies.org/,,Ain,,,,
,ITSRA  Institut de Travail Social de la Région Auvergne,,  ,,,,,,,Auvergne,,,,
,Point JJ,,  ,,,,,,,Auvergne,,,,
,Cerapcoop,,  ,,,,,http://www.cerapcoop.org/,,Auvergne,,,,
,Le Cabas,,  ,,,,,,,Auvergne,,,,
,Les Milieux,,  ,,,,,,,Auvergne,,,,
,Festival Ecoute(s),,  ,,,,,,,Auvergne,,,,
,Festival International du Théâtre Action,,  ,,,,,,,Drome,,,,
,Pot au Noir,,Domaine de Rivoiranche 38650 ,44.937242,5.623602,,,https://www.potaunoir.com/,,Isère,,,,
,Le Plateau Mistral Eaux-Claires,,74 rue Anatole France 38100 ,45.1728081,5.7058139,,,https://leplateau-mistral.fr/,,Isère,,,,
,Culture ailleurs,,  ,,,,,,,Isère,,,,
,Interstices,,  ,,,,,,,Isère,,,,
,Amis du Monde diplomatique,,  ,,,,,https://www.amis.monde-diplomatique.fr/-Grenoble-.html,,Isère,,,,
,Cinéma RegAin,,,,,,,http://www.cinema-leteil.fr/,,Isère,,,,
,COMEDE 82,,,,,,,,,Isère,,,,
,RAS Réfugiés Accueil Solidaires,,,42.6682004,-71.9282781,,,,,Isère,,,,
,Festival des Solidarités,,  ,,,,,https://www.festivaldessolidarites.org/,,Lieu,,,,
,Dans tous les sens,,1 rue Robert Desnos 69100 ,45.7726395,4.8803189,,,http://www.danstouslessens.org/,,Loire,,,,
,MémoireS,,15 rue Franklin 69120 ,45.78754259999999,4.9228806,,,,,Lyon,,,,
,Maison des passages,,"44 rue Saint Georges
 69005 ",45.75793160000001,4.825008899999999,,,https://maisondespassages.org/,,National,,,,
,Raja-Tikva,,  ,,,,,https://www.facebook.com/Raja-Tikva-1532489817005660/,,Rhône,,,,
,Association Professeurs en Histoire et Geographie/ lyon 1,,  ,,,,,https://www.aphg.fr/,,Rhône,,,,
,Les Transformateurs,,  ,,,,,https://www.facebook.com/les.transformateurs/,,Rhône,,,,
,Maison de quartier des Essarts,,  ,,,,,https://www.maisondesessarts.fr/,,Rhône,,,,
,Regard Sud galerie,,  ,,,,,https://www.regardsud.com/,,Rhône,,,,
,De Scène en Scène,,  ,,,,,,,Rhône,,,,
,Festival Sens interdit,,  ,,,,,,,Rhône,,,,
,ISM Corum,,  ,,,,,,,Rhône,,,,
,Pays de Savoie Solidaires,,  ,,,,,,,Rhône,,,,
,G4P,,16 rue Jacques Porraz 73200 ,45.67327,6.3890145,,,https://assog4p.wixsite.com/g4pfr,,Rhône,,,,
,Les ouvriers de l'image,,  ,,,,,https://www.lesouvriersdelimage.com/,,Rhône,,,,
,Festival le Grand Bivouac,,  ,,,,,https://www.grandbivouac.com/fr,,Savoie,,,,
,ADDCAES,,259 place René Vair 73031 ,45.5622132,5.9028502,,,https://www.addcaes.org/actions/mise-en-reseau-associations/,,Savoie ,,,,
,D'une histoire à l'autre,,  ,,,,,https://www.dune-histoire-a-lautre.fr/,,Savoie ,,,,
,CTE / Collectif TerrAin D'Entente,,  ,,,,,https://www.collectifterrAindentente.com/presentation#!,,Savoie ,,,,
,Alineaire,,  ,,,,,,,Savoie Haute-Savoie,,,,
,Festival du Film Historique,,  ,,,,,http://www.fiffh.com/,,Vercors,,,,
,Pays de Savoie solidaires,,  ,,,,,https://paysdeSavoiesolidaires.org/,,,,,,
,Nouveau Theatre du 8e,,  ,,,,,http://nth8.com/,,,,,,
,Réseau Memhora,,  ,,,,,https://www.reseaumemorha.org/,,,,,,
,Periscope,,  ,,,,,,,,,,,
,Papyart,,  ,,,,,,,,,,,
,CIMADE Auvergne-Limousin,,  ,,,,,https://www.lacimade.org/,,,,,,
,FAMI (Fonds Asile Migration Intégration) ,,  ,,,,,,,,,,,
,Filigrane,,  ,,,,,,,,,,,
,Intermed,,  ,,,,,,,,,,,
,Mayesha Espoir,,  ,,,,,https://www.facebook.com/pages/category/Community/Reseau-Mayesha-Espoir-France-1133869093305771/,,,,,,
,Oyociné,,  ,,,,,,,,,,,
,Syndicat Mixte Pays du Sud Grésivaudan( Biennale de Nord en Sud),,  ,,,,,,,,,,,
,Le GrAin de la Voix,,  ,,,,,,,,,,,
,Karakib,,  ,,,,,https://www.karakib.org/maison-eclusiere-de-parcieux/,,,,,,
,La compagnie d'A,,  ,,,,,,,,3,,,
,ANPU/Agence Nationale,,  ,,,,,,,,3,,,
,Engage.e.S et Détermin.é.e.S,,  ,,,,,,,,3,,,
,Fédération des Tunisiens pour une citoyenneté des 2 rives,,  ,,,,,,,,3,,,
,Association mémoires sans frontières,,  ,,,,,,,,3,,,
,Fédération ARALIS,,  ,,,,,,,,3,,,
,Ancêtres Italiens,,  ,,,,,,,,2,,,
,Association devoir de mémoires,,  ,,,,,,,,3,,,
,Maison des ITaliens,,  ,,,,,,,,3,,,
,ATD Quart monde,,  ,,,,,,,,3,,,
,France Terre D’Asile,,  ,,,,,,,,3,,,
,Archives Départementales de l’Ardèche,,  ,,,,,,,,3,,,
,Mediapress,,  ,,,,,,,,3,,,
,Pacte Laboratoire Sciences Sociales,,  ,,,,,,,,2,,,
,Route des Abolitions - Pôle Mémoriel Nationale de l’Est,,  ,,,,,,,,3,,,
,GRDR Migrations Citoyenneté Développement,,  ,,,,,,,,3,,,
,Luso Journal,,  ,,,,,,,,3,,,
,Archives Nationales du Monde du Travail,,  ,,,,,,,,3,,,
,Permakabadio,,  ,,,,,,,,3,,,
,Collectif SOLAS,,  ,,,,,,,,2,,,
,Coup de pouce Université Lyon,,  ,,,,,,,,3,,,
,Soif de République - Yves Husson,,  ,,,,,,,,2,,,
,,,  ,,,,,,,,1,,,